listing_id,listing_name,listing_type,room_type,host_id,host_name,superhost,latitude,longitude,guests,bedrooms,beds,baths,amenities,instant_book,min_nights,cancellation_policy,cleaning_fee,extra_guest_fee,num_reviews,rating_overall,rating_cleanliness,rating_location,rating_value,ttm_revenue,ttm_avg_rate,ttm_occupancy,ttm_revpar,l90d_revenue,l90d_avg_rate,l90d_occupancy,l90d_revpar,location_from_name,city_category
465397,Anahit Stepanyan's B&B,private room in condo,private_room,2312035,Vahan,TRUE,40.1853,44.5165,NA,NA,2,0,NA,FALSE,1,strict,0,17,122,4.97,4.8,5,4.9,3661,35.7,0.3,10,964,38,0.3,10.7,NA,Yerevan_area
642058,"Unique, Quiet Artistic Apartment Across from Opera",entire rental unit,entire_home,3208296,Adrineh,FALSE,40.1855,44.5173,4,1,2,1,NA,FALSE,6,moderate,0,0,17,5,4.9,5,4.8,3006,60.6,0.1,8.2,738,60.7,0.1,8.2,NA,Yerevan_area
1178459,"Sunny, central, spectacular views",entire rental unit,entire_home,6447888,Pegor,FALSE,40.1877,44.5138,4,2,3,2,NA,NA,1,strict,18,NA,23,4.91,4.8,5,5,4502,125.1,0.1,12.3,0,125.6,0,0,NA,Yerevan_area
1538163,A comfortable flat in the downtown,entire rental unit,entire_home,8201269,Anush,FALSE,40.1848,44.5198,5,2,4,1,NA,FALSE,2,strict,30,0,28,4.93,4.9,4.9,4.9,931,70.3,0,2.6,856,70.2,0.1,9.5,NA,Yerevan_area
1659338,Abovyan 26 street`Superior room`,entire rental unit,entire_home,8793540,Вардан,FALSE,40.1848,44.5194,2,1,2,1,NA,FALSE,3,strict,17,0,115,4.92,4.8,5,4.9,3521,63,0.2,9.6,835,53.7,0.2,9.3,NA,Yerevan_area
1756704,Best choice in the heart of Yerevan,entire rental unit,entire_home,9237968,Levon,FALSE,40.1802,44.5092,2,NA,1,1,NA,TRUE,2,moderate,10,0,109,4.94,4.9,5,4.9,3250,46.8,0.2,8.9,1097,52.1,0.2,12.2,yerevan,Yerevan_area
1813101,2-bedroom on the 19 Tumanyan str,entire rental unit,entire_home,9497368,Armen,FALSE,40.1827,44.5167,6,2,3,1,NA,FALSE,10,flexible,0,0,25,4.64,4.8,4.7,4.8,6686,75.8,0.2,18.3,1429,82.4,0.2,15.9,NA,Yerevan_area
1816460,Modern Apartment in the Amiryan str,entire rental unit,entire_home,9497368,Armen,FALSE,40.1797,44.5095,3,1,1,1,NA,FALSE,5,moderate,0,0,17,4.76,4.7,4.9,4.9,1835,74.8,0.1,5,893,79.5,0.1,9.9,NA,Yerevan_area
1850353,"Spacious,bright apartment with 2 bedrooms, center",entire rental unit,entire_home,9663865,Armen,TRUE,40.1787,44.5191,4,2,4,1.5,NA,TRUE,2,moderate,0,0,228,4.93,4.8,5,4.9,15296,55.5,0.7,41.9,3875,57.9,0.7,43.1,NA,Yerevan_area
2045257,Rent room,entire home,entire_home,10486214,Sargis,FALSE,40.1908,44.5134,4,2,4,2,NA,FALSE,3,flexible,13,0,2,NA,NA,NA,NA,701,56.6,0,1.9,701,57.2,0.1,7.8,NA,Yerevan_area
2136391,Great Apartment ARAGATS in Yerevan Downtown,entire rental unit,entire_home,10902986,Levon,FALSE,40.1979,44.4961,4,2,3,1,NA,FALSE,7,strict,40,0,16,5,5,5,4.9,4775,53.1,0.3,13.1,985,64.6,0.2,10.9,yerevan,Yerevan_area
2137043,"4-person apartment, terrace overlooking Mount ARARAT",entire rental unit,entire_home,10902986,Levon,FALSE,40.198,44.4961,4,2,3,1,NA,FALSE,7,strict,34,0,1,NA,NA,NA,NA,645,51,0,1.8,645,52.5,0.1,7.2,NA,Yerevan_area
2376209,Sunny Apartment in Central Yerevan,entire rental unit,entire_home,12140607,Armen,FALSE,40.1874,44.5167,4,2,3,1,NA,FALSE,3,flexible,35,0,33,4.85,4.9,4.9,4.7,2838,90.5,0.1,7.8,0,90.8,0,0,yerevan,Yerevan_area
2676600,Cosy apartment in the city-center,entire rental unit,entire_home,10434635,Astghik,TRUE,40.1866,44.5252,2,NA,1,1,NA,FALSE,2,flexible,15,0,99,4.86,4.8,4.9,4.9,3230,35.4,0.2,8.8,275,38.6,0.1,3.1,NA,Yerevan_area
2786327,4 bedrooms - Yerevan city - Small center,entire rental unit,entire_home,14254380,Lucine,FALSE,40.1849,44.5104,10,4,7,3,NA,FALSE,1,flexible,18,0,80,4.71,4.6,5,4.7,22239,166.4,0.4,60.9,1603,172.6,0.1,17.8,yerevan,Yerevan_area
2852078,Amazing View From a Modern Loft,entire condo,entire_home,12140607,Armen,FALSE,40.1966,44.5003,5,2,4,1,NA,FALSE,3,flexible,25,0,5,4.4,3.8,4.4,4.6,1787,67,0.1,4.9,776,66.7,0.1,8.6,NA,Yerevan_area
2893305,Jasmin apt with balcony at Republic Sq&Ruben tours,entire rental unit,entire_home,14787873,Ruben,TRUE,40.1775,44.5195,6,2,4,1.5,NA,FALSE,5,strict,0,0,227,4.89,4.8,5,4.9,10585,62.4,0.5,29,5196,70.1,0.8,57.7,NA,Yerevan_area
3215725,Private unit in central Yerevan,entire home,entire_home,16286420,Ruzanna,FALSE,40.1762,44.5275,1,1,1,1,NA,FALSE,2,flexible,0,0,11,4.73,4.8,4.5,4.5,1957,22.1,0.2,5.4,1486,24.2,0.7,16.5,yerevan,Yerevan_area
3263639,Three room apartment in the center,entire rental unit,entire_home,16503440,Margarita,TRUE,40.1774,44.5242,5,2,3,1,NA,FALSE,5,strict,0,0,3,4.67,5,5,4.7,2143,37.5,0.1,5.9,451,36.1,0.1,5,NA,Yerevan_area
3377630,3-room apt. in the center,entire rental unit,entire_home,16503440,Margarita,TRUE,40.1774,44.5258,4,2,3,1,NA,FALSE,4,strict,0,0,13,4.77,4.7,4.8,4.8,3121,34.3,0.2,8.6,0,35.5,0,0,NA,Yerevan_area
3466760,Luxury Apartment in the city heart on North Avenue,entire rental unit,entire_home,6125967,David,TRUE,40.1836,44.5142,7,3,3,2,NA,FALSE,3,firm,48,0,55,4.85,4.7,5,4.8,21925,101.8,0.6,60.1,7227,120.9,0.7,80.3,NA,Yerevan_area
3471150,Super Location,private room in rental unit,private_room,10029075,Tigran,FALSE,40.1819,44.5185,NA,NA,2,0,NA,TRUE,7,flexible,0,0,49,4.61,4.7,4.9,4.7,370,32.9,0,1,0,33.8,0,0,NA,Yerevan_area
3541159,Sophistication in the City...,entire condo,entire_home,17825643,Zara,FALSE,40.1852,44.5072,2,NA,1,1,NA,FALSE,3,moderate,0,0,83,4.98,4.9,5,5,640,37.1,0,1.8,468,38.7,0.1,5.2,NA,Yerevan_area
3713062,"Clean, cosy and not noisy )",entire rental unit,entire_home,4834401,NA,FALSE,40.197,44.509,2,1,1,1,NA,NA,2,NA,10,NA,3,5,5,5,4.7,1165,28.7,0.1,3.2,0,31.9,0,0,NA,Yerevan_area
4450566,Happy House!,entire rental unit,entire_home,23097838,Alina,TRUE,40.2022,44.4994,4,2,2,1,NA,FALSE,3,flexible,10,0,23,5,5,5,4.9,6315,50.1,0.3,17.3,2550,47.5,0.6,28.3,NA,Other_Armenia
4570365,Quiet and  Cozy Apartment - Ideal location,entire rental unit,entire_home,23691190,Eric,TRUE,40.1835,44.5085,2,1,2,1,NA,FALSE,7,firm,25,0,43,5,4.9,5,4.9,11427,57.5,0.6,31.3,1661,61.1,0.3,18.5,NA,Yerevan_area
5032884,Big Family Apartment,entire rental unit,entire_home,25981358,Emma,FALSE,40.1996,44.505,6,3,4,1.5,NA,FALSE,2,moderate,12,0,2,NA,NA,NA,NA,348,28.5,0,1,348,29.1,0.1,3.9,NA,Yerevan_area
5305985,Luxury apartment in the small center of the city,entire rental unit,entire_home,8793540,Вардан,FALSE,40.1925,44.5058,4,2,3,1,NA,NA,3,moderate,16,NA,3,5,4.7,5,5,1458,72,0.1,4,0,73.5,0,0,NA,Yerevan_area
5404545,ACOSS Art studio with garden in Yerevan,entire townhouse,entire_home,5878245,Mkrtich,TRUE,40.2007,44.5428,3,1,2,1,NA,FALSE,4,strict,15,0,65,4.77,4.8,4.6,4.9,1817,32.2,0.2,5,0,42.1,0,0,yerevan,Other_Armenia
5428830,Modern 2 Bedroom Apartment - Centre with balcony,entire rental unit,entire_home,19382732,Monika,TRUE,40.1828,44.5086,4,2,4,1.5,NA,FALSE,4,moderate,37,0,39,4.92,4.9,5,4.9,14296,79.8,0.5,39.2,4924,78,0.7,54.7,NA,Yerevan_area
5521853,Very good house in a luxury place,entire villa,entire_home,28635686,Hasmik,FALSE,40.197,44.5277,16,5,10,4.5,NA,FALSE,2,firm,0,0,18,4.94,5,4.9,4.8,53554,372.5,0.4,146.7,2459,343.7,0.1,27.3,NA,Yerevan_area
5662119,Studio Komitas 3 Sunny room,entire rental unit,entire_home,29352716,Arman,FALSE,40.2005,44.4961,2,NA,1,1,NA,FALSE,3,moderate,0,0,8,4.38,4.6,4.8,4.4,350,28.6,0,1,350,28.8,0.1,3.9,NA,Other_Armenia
5692181,Modern Apt in the Heart of Yerevan (Cascade Area),entire rental unit,entire_home,29511009,Jane,FALSE,40.189,44.5158,2,1,1,1,NA,FALSE,9,strict,0,0,40,4.75,4.5,5,4.8,7342,43.6,0.5,20.1,2319,47.3,0.6,25.8,yerevan,Yerevan_area
5742544,"Center, near Piazza République",entire rental unit,entire_home,29784109,Armine,FALSE,40.1695,44.5138,5,2,4,1,NA,FALSE,2,moderate,0,0,17,4.59,4.9,4.7,4.7,716,60.7,0,2,716,61.4,0.1,8,NA,Yerevan_area
5769660,1 Bedroom Apartment near Republic Square,entire rental unit,entire_home,29932495,NA,FALSE,40.1795,44.5193,3,1,2,1,NA,NA,2,NA,NA,NA,20,4.7,4.8,5,4.9,850,36.4,0.1,2.3,0,30.1,0,0,NA,Yerevan_area
5877011,Best price at best place in Yerevan,entire rental unit,entire_home,28028154,NA,TRUE,40.1878,44.5127,4,1,2,1,NA,NA,2,strict,NA,NA,232,4.91,4.9,5,4.9,1718,55.4,0.1,4.7,0,0,0,0,yerevan,Yerevan_area
5883137,Nice apartment on Nothern avenue,entire rental unit,entire_home,30551617,Gayane,FALSE,40.182,44.5154,4,2,3,1.5,NA,FALSE,14,strict,20,0,11,4.73,4.8,5,4.8,1405,99.4,0,3.8,1204,99.4,0.1,13.4,NA,Yerevan_area
5966597,Nice house in the centre of Yerevan nearby Cascade,entire home,entire_home,30971980,Arpine,FALSE,40.1923,44.514,8,4,7,4.5,NA,TRUE,4,flexible,50,0,81,4.75,4.7,4.8,4.8,20413,121.8,0.4,55.9,8477,148.3,0.6,94.2,yerevan,Yerevan_area
6094996,PentHouse  with terrace  in city center,entire rental unit,entire_home,25857106,Vahe,FALSE,40.1884,44.5248,8,3,7,1,NA,TRUE,1,flexible,15,0,63,4.95,5,5,4.9,1055,95.3,0,2.9,310,100.3,0,3.4,NA,Yerevan_area
6230008,Modern Studio Apartment Downtown,entire rental unit,entire_home,32317977,Anahid,FALSE,40.1828,44.5167,2,NA,2,1,NA,TRUE,2,flexible,0,0,8,4.75,4.5,5,4.9,3534,46,0.2,9.7,2524,46.1,0.6,28,NA,Yerevan_area
6246078,Vernisaj 2 bedr. apt at Republic Sq & Ruben tours,entire rental unit,entire_home,14787873,Ruben,TRUE,40.1759,44.5175,6,2,4,1.5,NA,TRUE,5,strict,0,0,200,4.9,4.8,4.9,4.9,17983,62.3,0.8,49.3,5044,66.7,0.9,56,NA,Yerevan_area
6393720,Aygestan Comfort,entire home,entire_home,30835905,Vahe,FALSE,40.1805,44.5302,4,1,3,1,NA,FALSE,2,flexible,6,0,24,4.83,4.9,4.5,4.9,1659,18.4,0.2,4.5,1394,18.9,0.8,15.5,NA,Yerevan_area
6570162,Studio-apartm. in center near Republic square.,entire rental unit,entire_home,7716199,Klara,FALSE,40.1782,44.5193,2,NA,1,1,NA,FALSE,30,moderate,35,5,46,4.93,5,5,4.9,458,38.4,0,1.3,458,39.3,0.1,5.1,NA,Yerevan_area
7057595,Separate studio the near Republic Squere,entire serviced apartment,entire_home,37013374,Diana Hovakimyan,FALSE,40.1707,44.5138,2,1,2,1,NA,FALSE,1,flexible,0,0,184,4.84,4.6,4.9,4.8,2040,32.7,0.2,5.6,582,40.4,0.2,6.5,NA,Yerevan_area
7154754,Studio Apartment 24 Sarian Street,entire rental unit,entire_home,37469183,NA,FALSE,40.1832,44.5041,2,1,2,1,NA,NA,4,moderate,NA,NA,43,4.79,4.9,4.9,4.7,2785,42.6,0.2,7.6,0,0,0,0,NA,Yerevan_area
7296495,Welcoming apt on Abovyan str.,entire rental unit,entire_home,37525836,Ruzan,FALSE,40.1834,44.518,2,1,2,1,NA,TRUE,3,firm,0,0,28,5,5,5,4.8,8506,57.8,0.4,23.3,2632,56.9,0.5,29.2,NA,Yerevan_area
7305779,Apart hotel near Republic of squere,entire serviced apartment,entire_home,37013374,Diana Hovakimyan,FALSE,40.1703,44.5156,2,NA,4,1,NA,FALSE,1,flexible,0,0,46,4.78,4.6,5,4.8,1432,29.5,0.1,3.9,277,38.4,0.1,3.1,NA,Yerevan_area
7356214,New and comfy apartment just in the city center,entire rental unit,entire_home,17404160,Grisha,TRUE,40.1788,44.5174,3,2,2,1,NA,TRUE,2,flexible,0,0,15,4.6,4.5,4.9,4.7,4387,48.5,0.2,12,738,43.6,0.2,8.2,NA,Yerevan_area
7764503,Opera Apartment in centre,entire serviced apartment,entire_home,40833948,Elena,TRUE,40.1862,44.5118,3,1,1,1.5,NA,FALSE,1,strict,25,0,227,4.94,4.9,5,4.9,13275,64.7,0.6,36.4,1794,75.8,0.3,19.9,NA,Yerevan_area
8018225,A flat with one bedroom in the centre of Yerevan!,entire rental unit,entire_home,28800994,Hrant,TRUE,40.1831,44.5131,4,2,3,1.5,NA,FALSE,10,flexible,0,0,7,4.86,5,5,4.7,6540,70.1,0.3,17.9,351,68.9,0.1,3.9,yerevan,Yerevan_area
8120788,Heart of Yerevan - Teryan Street,entire rental unit,entire_home,42884610,Thomas,FALSE,40.1855,44.5174,4,2,3,1,NA,FALSE,3,moderate,60,0,61,4.95,4.8,5,5,4337,52.9,0.2,11.9,245,69.8,0,2.7,yerevan,Yerevan_area
8137952,"Modern apartment, best view in town",entire rental unit,entire_home,42972695,Garlen,FALSE,40.1945,44.5109,6,2,4,2,NA,FALSE,4,flexible,0,0,12,4.58,4.7,4.7,4.7,4257,80.9,0.1,11.7,243,82.9,0,2.7,NA,Yerevan_area
8326257,Entire appartment in Yerevan,entire rental unit,entire_home,19550048,Armen,FALSE,40.152,44.4878,2,NA,1,1,NA,FALSE,2,moderate,0,0,64,4.83,4.8,4.7,4.8,1763,25.6,0.2,4.8,180,26.4,0.1,2,yerevan,Yerevan_area
8511739,Apartment in the center of Yerevan with great view,entire rental unit,entire_home,44820319,Lusine,FALSE,40.174,44.5027,3,1,2,1,NA,FALSE,4,strict,10,0,18,4.94,4.9,4.8,4.8,485,38.6,0,1.3,485,39.5,0.1,5.4,yerevan,Yerevan_area
8534577,Apartment in the Heart of Yerevan,entire rental unit,entire_home,44912636,Karine,FALSE,40.1833,44.5141,4,2,1,1,NA,FALSE,1,moderate,25,0,14,4.43,4.3,5,4.5,1413,53.6,0.1,3.9,595,48.8,0.1,6.6,yerevan,Yerevan_area
8881259,Near Republic Square,entire rental unit,entire_home,37013374,Diana Hovakimyan,FALSE,40.1691,44.5138,2,NA,2,1,NA,FALSE,1,flexible,0,0,4,4.5,4.2,5,4.5,1951,29.2,0.2,5.3,652,39.4,0.2,7.2,NA,Yerevan_area
9203742,Private room in a house with a garden,private room in home,private_room,47871551,Hasmik,TRUE,40.1801,44.5391,NA,NA,1,0,NA,FALSE,2,flexible,0,0,81,4.84,4.7,4.5,4.8,2475,11.8,0.6,6.8,721,10.9,0.7,8,NA,Yerevan_area
9396544,Cozy Apartment on Mashtots Avenue - Perfect Stay!,entire home,entire_home,48736253,Olga,FALSE,40.1844,44.5128,4,1,2,1,NA,FALSE,2,strict,20,0,44,4.82,4.6,4.9,4.8,6491,48.8,0.3,17.8,0,47,0,0,NA,Yerevan_area
9898387,sunny room,private room in rental unit,private_room,50908779,Shoghik,TRUE,40.1701,44.5145,NA,NA,1,0,NA,FALSE,1,strict,5,15,119,4.84,4.9,4.8,4.7,1043,26.5,0.1,2.9,634,26,0.3,7,NA,Yerevan_area
9946682,VD city center studio: steps from Republic Square,entire rental unit,entire_home,51117809,Yevgenia,TRUE,40.1801,44.5174,3,1,1,1.5,NA,TRUE,5,firm,10,0,37,4.95,4.8,5,4.9,9433,50,0.5,25.8,2909,48.3,0.7,32.3,NA,Yerevan_area
10027719,Modern apt. in the city center,entire rental unit,entire_home,48030247,Arsen,FALSE,40.1897,44.518,3,NA,1,1,NA,FALSE,3,moderate,0,0,25,4.76,4.7,5,4.8,515,44,0,1.4,515,44,0.1,5.7,NA,Yerevan_area
10136579,Swan Lake apartment,entire rental unit,entire_home,492619720,Marianna,FALSE,40.1841,44.5156,4,1,1,1,NA,FALSE,2,moderate,20,0,56,4.86,4.7,5,4.8,9494,51.6,0.5,26,2683,56.5,0.5,29.8,NA,Yerevan_area
10243069,Northern Ave best center location/accommodation,entire rental unit,entire_home,52647019,Pedro,FALSE,40.1832,44.5148,4,2,3,2,NA,FALSE,60,moderate,68,0,57,4.95,4.8,5,4.9,7900,98.1,0.2,21.6,3561,100.2,0.4,39.6,NA,Yerevan_area
10442548,Sunny Studio near Republic Square by Kantar,room in aparthotel,hotel_room,23926479,NA,TRUE,40.1767,44.5112,2,0,1,1,NA,NA,1,moderate,NA,NA,4,5,5,5,4.8,1861,88.7,0.1,5.1,0,0,0,0,NA,Yerevan_area
10484760,2 Bedroom Apartment Flat in Garegin Nzhdeh,entire rental unit,entire_home,35808498,Maggie,FALSE,40.1514,44.4842,4,2,2,1,NA,FALSE,7,moderate,0,0,7,5,4.9,4.7,4.4,2113,40.2,0.1,5.8,241,43.1,0.1,2.7,NA,Yerevan_area
10531529,Sunny 1BR Apartment with Gorgeous View by Kantar,entire rental unit,entire_home,288342671,David,FALSE,40.175,44.5114,4,1,2,1,NA,TRUE,1,moderate,0,0,16,4.88,4.7,4.8,4.1,1487,84.5,0,4.1,949,78.2,0.1,10.5,NA,Yerevan_area
10626980,Spectacular Location! Newly Renovated in Cascade,entire rental unit,entire_home,501775156,Gurgen,FALSE,40.1901,44.5161,4,2,1,1,NA,FALSE,1,firm,0,0,9,5,4.9,5,4.9,9740,71.9,0.4,26.7,0,73.9,0,0,NA,Yerevan_area
11004744,Brand New 1BDR at RIS Dalma Collection,entire rental unit,entire_home,195185372,Mariam,TRUE,40.1789,44.4888,4,1,2,1,NA,TRUE,1,moderate,0,0,58,4.91,4.9,4.6,4.8,7799,84.2,0.3,21.4,1814,96.8,0.2,20.2,NA,Yerevan_area
11374239,Heart of Old Yerevan,entire rental unit,entire_home,3970319,Mariam,FALSE,40.1822,44.5189,3,1,2,1,NA,FALSE,1,flexible,10,0,1,NA,NA,NA,NA,789,63.6,0,2.2,789,64.9,0.1,8.8,yerevan,Yerevan_area
11388641,The apartment is close to the Opera House.,entire rental unit,entire_home,59737924,Seda,FALSE,40.1842,44.5183,5,2,3,1,NA,FALSE,2,moderate,25,0,27,4.41,4.5,4.9,4.4,704,49,0,1.9,554,47.4,0.1,6.2,NA,Yerevan_area
11492936,#29 Two Bedroom Apartment In The Center Of Yerevan,entire serviced apartment,entire_home,60515118,Narek,FALSE,40.1819,44.5175,5,2,2,1,NA,TRUE,8,strict,0,0,7,4.29,4.4,5,4.3,2519,85,0.1,6.9,363,85,0,4,yerevan,Yerevan_area
11581346,1 Bedroom Apartment in Homey Residence,entire rental unit,entire_home,61222356,Hyur Service,TRUE,40.1793,44.5151,4,1,3,1,NA,TRUE,2,moderate,0,0,14,4.93,5,5,4.9,8298,81.1,0.3,22.7,560,90.1,0.1,6.2,NA,Yerevan_area
11597248,3 Bedroom Apartment in Homey Residence,entire serviced apartment,entire_home,61222356,Hyur Service,TRUE,40.1793,44.515,8,3,5,2,NA,TRUE,2,moderate,0,0,76,4.97,4.9,5,5,42192,155.8,0.7,115.6,11181,160.4,0.8,124.2,NA,Yerevan_area
11599722,3 Bedroom Apartment in Homey Residence,entire serviced apartment,entire_home,61222356,Hyur Service,TRUE,40.1796,44.5155,8,3,6,2,NA,TRUE,2,moderate,0,0,40,4.93,4.9,5,4.9,36092,151,0.6,98.9,9696,158.3,0.7,107.7,NA,Yerevan_area
11600205,2 Bedroom Apartment on Chaikovski street,entire serviced apartment,entire_home,61222356,Hyur Service,TRUE,40.1748,44.5175,5,2,4,1,NA,TRUE,2,moderate,0,0,18,4.94,4.9,5,4.8,16519,95.8,0.4,45.3,4055,95.8,0.5,45.1,NA,Yerevan_area
11610703,Lenin apartment,entire rental unit,entire_home,40833948,Elena,TRUE,40.1913,44.4684,4,1,1,1.5,NA,FALSE,2,strict,10,0,34,4.91,4.9,4.4,4.8,634,54.5,0,1.7,634,54.1,0.1,7,NA,Yerevan_area
11667395,2 Bedroom Apartment in Alley Residence,entire serviced apartment,entire_home,61222356,Hyur Service,TRUE,40.1813,44.5116,5,2,4,1,NA,TRUE,2,moderate,0,0,11,4.91,5,5,4.8,16627,117.2,0.4,45.6,1843,119.1,0.2,20.5,NA,Yerevan_area
11748412,Studio near ANI PLAZA hotel,entire rental unit,entire_home,14548097,Armen,TRUE,40.1824,44.5198,2,1,1,1,NA,FALSE,3,moderate,11,0,75,4.96,4.9,5,4.8,8113,39,0.6,22.2,1275,41.4,0.4,14.2,NA,Yerevan_area
11790453,Quiet apartment in the city center,entire rental unit,entire_home,13861622,Gayane,TRUE,40.1782,44.5044,3,1,1,1,NA,FALSE,5,moderate,20,0,67,4.97,5,5,4.9,3791,36.9,0.3,10.4,0,37.5,0,0,NA,Yerevan_area
11885176,Your home in Yerevan ❤.,entire serviced apartment,entire_home,63376501,Emma,FALSE,40.183,44.5179,4,2,3,1,NA,FALSE,2,flexible,10,0,20,4.95,5,5,5,6955,81,0.2,19.1,865,77.8,0.1,9.6,yerevan,Yerevan_area
11905013,apartment with  1 bedroom  in the  very  center of the city,entire rental unit,entire_home,63376501,Emma,FALSE,40.1834,44.5169,2,1,1,1,NA,NA,2,flexible,11,NA,8,4.75,4.9,5,4.8,568,41.3,0,1.6,0,41.3,0,0,NA,Yerevan_area
12017989,Luxury 1-BDR/New building/Arami str/Downtown,entire rental unit,entire_home,511676899,My,TRUE,40.1843,44.5073,4,1,2,1,NA,TRUE,5,moderate,25,0,41,4.95,5,5,4.9,9902,66.2,0.4,27.1,4742,79.1,0.7,52.7,NA,Yerevan_area
12018017,1-BDR/City Centre/Historical/Self Check-in,entire rental unit,entire_home,511676899,My,TRUE,40.1829,44.5181,3,1,2,1,NA,TRUE,7,moderate,25,0,35,4.91,4.9,4.9,4.8,6206,52.2,0.3,17,2511,58.3,0.4,27.9,NA,Yerevan_area
12043699,PARK APARTMENT,entire rental unit,entire_home,43891362,Artak,FALSE,40.1911,44.5063,2,1,1,1,NA,FALSE,4,strict,0,0,29,4.66,4.6,4.9,4.8,2057,47.6,0.1,5.6,0,47.3,0,0,NA,Yerevan_area
12102480,Apartment with best Cascade view,entire rental unit,entire_home,64891798,Levon,FALSE,40.1893,44.5154,4,3,3,1,NA,TRUE,1,flexible,10,10,53,4.7,4.4,5,4.6,497,43.5,0,1.4,497,40.8,0.1,5.5,NA,Yerevan_area
12108497,Comfy apartment in the city center,entire serviced apartment,entire_home,13861622,Gayane,TRUE,40.1776,44.5058,2,1,1,1,NA,FALSE,3,moderate,20,0,127,4.96,5,4.9,4.9,9465,32.2,0.8,25.9,2772,34.9,0.9,30.8,NA,Yerevan_area
12127185,Modern Lux 2BR  w/Pool...Near Cascade,entire rental unit,entire_home,47208682,Ara,TRUE,40.1913,44.5026,6,2,3,2.5,NA,FALSE,14,moderate,35,0,58,5,5,4.9,5,13809,126.2,0.3,37.8,3021,135.1,0.2,33.6,NA,Yerevan_area
12343267,Private room in a cozy guesthouse N1:),private room in bed and breakfast,private_room,66340406,Zara,FALSE,40.1977,44.4969,NA,NA,1,0,NA,NA,1,flexible,3,NA,23,4.39,4.1,4.4,4.5,196,13.7,0,0.5,0,11.2,0,0,NA,Yerevan_area
12429034,2-bedroom Spacious Apt Downtown EVN,entire rental unit,entire_home,67229404,Anahit,FALSE,40.1787,44.5203,3,1,2,1,NA,FALSE,3,moderate,30,0,25,5,5,5,5,680,131.3,0,1.9,0,205.3,0,0,NA,Yerevan_area
12488176,Sunny house near Cascade with Ararat view,entire home,entire_home,67607832,Narine,TRUE,40.192,44.5177,6,2,4,1,NA,FALSE,3,strict,0,0,30,4.63,4.8,4.8,4.7,5789,37.4,0.4,15.9,1516,40.4,0.4,16.8,NA,Yerevan_area
12758332,1-BDR/Perfect Location/Downtown/Cozy,entire serviced apartment,entire_home,511676899,My,TRUE,40.1827,44.5167,4,1,2,1,NA,TRUE,7,moderate,25,0,27,4.93,4.9,5,5,8705,53.3,0.5,23.8,2380,63.9,0.4,26.4,NA,Yerevan_area
12794344,Superb 1 BD apartment in the heart of Yerevan,entire rental unit,entire_home,24178703,Peter,FALSE,40.1762,44.5114,2,1,1,1,NA,FALSE,5,strict,40,10,22,5,5,5,4.9,754,65.9,0,2.1,754,61.8,0.1,8.4,yerevan,Yerevan_area
12903117,"Explore Yerevan, Komitas 22",entire rental unit,entire_home,68267119,Armik,FALSE,40.2034,44.4998,4,1,2,1,NA,FALSE,1,moderate,0,0,10,4.8,4.5,4.9,4.5,761,47.9,0,2.1,553,46.4,0.1,6.1,yerevan,Other_Armenia
12936989,Apartament Tigran Petrosyan 39/5,entire rental unit,entire_home,71056424,Karen,FALSE,40.2242,44.5041,3,NA,1,1,NA,TRUE,3,flexible,0,0,1,NA,NA,NA,NA,561,50.4,0,1.5,0,50.5,0,0,NA,Other_Armenia
12937541,Apartament Tigran Petrosyan 39/5,entire guesthouse,entire_home,71056424,Karen,FALSE,40.2232,44.5056,4,1,7,1,NA,TRUE,1,flexible,0,0,1,NA,NA,NA,NA,466,38.5,0,1.3,0,35.8,0,0,NA,Other_Armenia
12976778,sunny room with a balcony in the heart of the city,private room in rental unit,private_room,50908779,Shoghik,TRUE,40.1701,44.5145,NA,NA,1,0,NA,TRUE,1,moderate,5,14,155,4.91,4.9,4.9,4.8,2272,29,0.2,6.2,544,31.8,0.2,6,NA,Yerevan_area
13121176,Mini Hotel,entire rental unit,entire_home,71056424,Karen,FALSE,40.2231,44.5048,3,1,9,1,NA,TRUE,1,strict,0,0,1,NA,NA,NA,NA,556,50.3,0,1.5,0,50.4,0,0,NA,Other_Armenia
13325847,Metro apartment,entire rental unit,entire_home,40833948,Elena,TRUE,40.1997,44.4991,4,1,1,1,NA,FALSE,1,strict,0,0,106,4.92,5,4.8,4.8,6907,45,0.4,18.9,1630,52.2,0.4,18.1,NA,Yerevan_area
13631391,2-BDR/Abovyan str/Downtown/Modern,entire serviced apartment,entire_home,511676899,My,TRUE,40.1882,44.5235,6,2,4,1,NA,TRUE,3,moderate,30,0,44,4.82,4.7,4.9,4.8,7274,77.3,0.3,19.9,1099,86.8,0.1,12.2,NA,Yerevan_area
13746627,Yerevan Central Sunny Apartment Self Check-in 24/7,entire rental unit,entire_home,80506026,Manushak,TRUE,40.1827,44.5208,2,1,1,1,NA,FALSE,3,moderate,17,0,48,4.98,5,4.9,4.9,7021,68.5,0.3,19.2,1638,58.4,0.3,18.2,yerevan,Yerevan_area
13832957,Apartment for Rent in Yerevan,entire rental unit,entire_home,5645292,Aram,FALSE,40.1779,44.5247,2,1,1,1,NA,FALSE,15,strict,0,0,5,4.6,4.6,5,4,393,34.3,0,1.1,0,32.6,0,0,yerevan,Yerevan_area
13836688,Nice apartment at Republic Square. New building!,entire rental unit,entire_home,29942157,Arsen,FALSE,40.18,44.5152,4,2,3,1,NA,FALSE,3,strict,0,0,116,4.92,4.9,5,4.9,1088,95.2,0,3,1088,98.3,0.1,12.1,NA,Yerevan_area
14018876,Bunglow with a garden view :),private room in bed and breakfast,private_room,66340406,Zara,FALSE,40.198,44.4974,NA,NA,1,0,NA,NA,1,flexible,2,NA,21,4.48,3.9,4.5,4.7,183,12.8,0,0.5,0,10.5,0,0,NA,Yerevan_area
14118707,Cosy Apartment on the Republic Square,entire rental unit,entire_home,85099194,Arevhat,FALSE,40.1759,44.5107,3,2,1,1,NA,FALSE,10,strict,0,0,24,4.83,4.8,5,4.6,9103,38,0.6,24.9,2415,42.4,0.7,26.8,NA,Yerevan_area
14140135,"Center of Yerevan, 5 min away from Opera",entire rental unit,entire_home,18880692,Anna,FALSE,40.1822,44.5202,3,1,2,1.5,NA,FALSE,1,flexible,28,0,26,4.85,4.9,4.9,4.9,1594,46.8,0.1,4.4,41,39.7,0,0.5,yerevan,Yerevan_area
14164123,Nice Apt. at the Republic Square,entire rental unit,entire_home,85099194,Arevhat,FALSE,40.1779,44.5138,3,1,1,1,NA,FALSE,10,strict,0,0,21,5,5,5,5,8266,40.6,0.5,22.6,2808,41.6,0.7,31.2,NA,Yerevan_area
14216625,Luxury Apt. in a New Build. at the Republic Square,entire rental unit,entire_home,85099194,Arevhat,FALSE,40.1784,44.5143,5,2,2,1,NA,FALSE,10,strict,0,0,2,NA,NA,NA,NA,998,60.5,0,2.7,705,64,0.1,7.8,NA,Yerevan_area
14223474,Cozy apt at the heart of Yerevan,entire rental unit,entire_home,49922485,Tigran,FALSE,40.1826,44.5096,4,1,2,1,NA,FALSE,2,moderate,10,0,62,4.74,4.7,5,4.7,4891,45.7,0.3,13.4,462,51.1,0.1,5.1,yerevan,Yerevan_area
14263205,Luxury 2 Bedroom Apt. at the Republic Square,entire rental unit,entire_home,85099194,Arevhat,FALSE,40.1783,44.5141,5,2,2,1,NA,FALSE,10,strict,0,0,5,5,5,5,5,2979,56.3,0.2,8.2,708,57.9,0.1,7.9,NA,Yerevan_area
14263606,Posh 2 Bedroom Apt. at the Republic Square,entire rental unit,entire_home,85099194,Arevhat,FALSE,40.1785,44.5142,4,2,3,1,NA,FALSE,10,strict,0,0,5,4.8,4.8,5,5,1076,60.3,0,2.9,689,61,0.1,7.7,NA,Yerevan_area
14355206,HOLIDAY,entire home,entire_home,86984880,Zaven,FALSE,40.1547,44.5153,9,4,4,2.5,NA,FALSE,3,flexible,0,0,3,4.33,5,4.3,4.3,5694,110.2,0.1,15.6,0,0,0,0,NA,Yerevan_area
14521957,15min to center-Sunny House-extremely low price,entire rental unit,entire_home,89739990,Ani,FALSE,40.2039,44.5219,3,1,3,1,NA,TRUE,3,moderate,15,0,60,4.87,4.9,4.7,4.8,1918,32.6,0.2,5.3,30,34.2,0,0.3,NA,Other_Armenia
14719183,3 bedroom apartment 140 sqm on the 4th floor,entire rental unit,entire_home,76161999,George,FALSE,40.1803,44.5063,6,3,4,1,NA,FALSE,7,flexible,0,0,22,4.73,4.7,4.9,4.7,9301,92,0.3,25.5,1305,95.2,0.2,14.5,NA,Yerevan_area
14757932,One-bedroom Apt. on the Republic Square,entire rental unit,entire_home,85099194,Arevhat,FALSE,40.1803,44.5081,3,1,1,1,NA,FALSE,10,strict,0,0,2,NA,NA,NA,NA,1017,45.1,0.1,2.8,560,45,0.1,6.2,NA,Yerevan_area
14869723,Apt. on the Republic Square with a View on Ararat,entire rental unit,entire_home,85099194,Arevhat,FALSE,40.1808,44.5083,3,1,1,1,NA,FALSE,10,strict,0,0,30,4.83,4.8,4.8,4.8,4899,38.3,0.3,13.4,1359,41.6,0.4,15.1,NA,Yerevan_area
14881166,"Spacious, bright 2-room apartment in the center",entire rental unit,entire_home,93281409,Armen,FALSE,40.1787,44.5187,4,2,4,1.5,NA,FALSE,2,flexible,0,0,19,4.68,4.4,4.9,4.7,3652,56.8,0.2,10,3652,61.1,0.7,40.6,NA,Yerevan_area
15177004,Beautiful sunny home,entire rental unit,entire_home,96326033,Sirun,FALSE,40.2,44.5601,6,2,3,1.5,NA,FALSE,7,firm,35,0,37,5,5,4.9,4.9,1131,40.6,0.1,3.1,555,43.1,0.1,6.2,NA,Yerevan_area
15235876,"City Center. Nice, clean and  quiet  Apartment",entire rental unit,entire_home,96858399,Diana,FALSE,40.1804,44.5056,5,2,4,1,NA,FALSE,7,moderate,30,0,16,5,5,5,5,1147,58,0.1,3.1,0,64.2,0,0,NA,Yerevan_area
15696032,"Rent in Yerevan, rent in Yerevan city center",entire rental unit,entire_home,101330268,Paruyr,FALSE,40.1805,44.522,3,1,1,1,NA,FALSE,2,firm,0,0,6,5,4.8,5,5,1643,94.2,0,4.5,614,87.1,0.1,6.8,yerevan,Yerevan_area
15856065,Cosy flat in the centre of Yerevan,entire rental unit,entire_home,102750771,Sona,FALSE,40.182,44.52,2,1,1,1,NA,FALSE,3,moderate,0,0,49,4.88,4.8,4.9,4.7,1859,41.8,0.1,5.1,0,38.7,0,0,yerevan,Yerevan_area
15878898,Studio Apartment in Alley Residence,entire serviced apartment,entire_home,61222356,Hyur Service,TRUE,40.1816,44.5111,2,1,2,1,NA,TRUE,2,moderate,0,0,28,4.89,4.9,5,4.8,11882,70.4,0.4,32.6,3643,66.4,0.6,40.5,NA,Yerevan_area
15879395,Studio Apartment in Alley Residence,entire serviced apartment,entire_home,61222356,Hyur Service,TRUE,40.1815,44.5111,2,1,2,1,NA,TRUE,2,moderate,0,0,46,4.87,4.9,5,4.8,14835,71.8,0.5,40.6,2122,74.5,0.3,23.6,NA,Yerevan_area
15937376,Good location and comfortable flat in Yerevan,entire rental unit,entire_home,103438567,Shushan,FALSE,40.1913,44.5033,4,2,3,1,NA,NA,3,flexible,20,NA,31,4.97,5,4.9,4.8,3278,61.7,0.2,9,0,65.1,0,0,yerevan,Yerevan_area
16073280,Comfortable apartment near farmers market,entire rental unit,entire_home,3705068,Sam,FALSE,40.2052,44.5209,2,1,2,1,NA,TRUE,7,moderate,40,0,8,4.38,3.8,4.3,4.4,1924,15.7,0.3,5.3,620,12.9,0.5,6.9,NA,Other_Armenia
16181935,My Apartments Yerevan (Duplex),entire serviced apartment,entire_home,105656520,My Apartments,FALSE,40.1844,44.5217,4,2,5,1,NA,TRUE,1,flexible,0,0,189,4.75,4.8,4.9,4.8,1566,90.5,0,4.3,0,82.1,0,0,yerevan,Yerevan_area
16183274,My Apartments Yerevan (Studio),entire serviced apartment,entire_home,105656520,My Apartments,FALSE,40.1848,44.5203,3,NA,2,1,NA,TRUE,1,flexible,0,0,32,4.84,5,5,4.8,1877,78.6,0.1,5.1,943,77.9,0.1,10.5,yerevan,Yerevan_area
16279137,"Central, modern flat with Ararat view from balcony",entire rental unit,entire_home,16610743,Lene,FALSE,40.1838,44.5166,2,1,5,1,NA,FALSE,2,moderate,10,0,72,4.9,4.8,5,4.9,4154,81.2,0.1,11.4,0,83.4,0,0,NA,Yerevan_area
16422668,Your  ideal apartment in the center of Yerevan,entire rental unit,entire_home,107652567,Rita,FALSE,40.1813,44.5276,3,2,3,1,NA,FALSE,2,flexible,30,0,7,5,5,5,5,7936,82.2,0.3,21.7,1301,82.7,0.2,14.5,yerevan,Yerevan_area
16568880,Apartment in center North Avenue,entire rental unit,entire_home,109148552,Mихаил,TRUE,40.1836,44.5134,3,1,1,1,NA,TRUE,1,moderate,10,0,307,4.9,4.9,5,4.9,12148,46.2,0.7,33.3,3490,48.1,0.8,38.8,NA,Yerevan_area
16610492,Nice & Cozy apartment near Dalma Garden Mall,entire rental unit,entire_home,51153256,Louisa,FALSE,40.1795,44.4881,4,1,2,1,NA,FALSE,3,flexible,9,15,3,5,5,5,5,619,50.3,0,1.7,619,50.4,0.1,6.9,NA,Yerevan_area
16974466,2-BDR/Perfect Location/Cozy,entire rental unit,entire_home,511676899,My,TRUE,40.184,44.5188,6,2,3,1,NA,TRUE,4,moderate,30,0,35,4.86,4.7,4.9,4.7,5727,78.9,0.2,15.7,2170,83.5,0.3,24.1,NA,Yerevan_area
17009024,Apartments in the CITY CENTER near the OPERA,entire rental unit,entire_home,109148552,Mихаил,TRUE,40.1849,44.5114,3,1,1,1.5,NA,TRUE,1,moderate,10,0,323,4.85,4.9,5,4.9,6870,44.7,0.4,18.8,1908,46.6,0.5,21.2,NA,Yerevan_area
17018473,Apartment Near Main Postal Office by RIS,entire rental unit,entire_home,501943261,Milena,TRUE,40.1864,44.5048,5,2,4,1.5,NA,TRUE,1,moderate,0,0,54,4.91,4.8,4.8,4.9,2299,63.9,0.1,6.3,632,61.7,0.1,7,NA,Yerevan_area
17128685,Spacious pentouse on Amiryan,entire rental unit,entire_home,12525702,NA,FALSE,40.1799,44.5068,6,3,3,3,NA,NA,2,NA,NA,NA,31,4.58,4.4,4.9,4.7,3587,49.9,0.2,9.8,0,52.5,0,0,NA,Yerevan_area
17298551,Cozy 2-bedroom apt. w/balcony by Lovers' Park.,entire rental unit,entire_home,116701807,Rufina,TRUE,40.1929,44.506100000000004,4,2,3,1.5,NA,FALSE,7,firm,70,0,36,4.72,4.6,4.9,4.7,1798,38.4,0.1,4.9,0,41.5,0,0,NA,Yerevan_area
17344667,"Full of classic Yerevan charm, on Abovian street",entire rental unit,entire_home,14838926,Anoush,TRUE,40.1889,44.5242,4,2,2,1,NA,FALSE,6,strict,0,0,57,4.86,4.8,4.8,4.8,5225,53.8,0.3,14.3,642,53.7,0.1,7.1,yerevan,Yerevan_area
17518642,Republic square apartment,entire rental unit,entire_home,118779157,Taron,FALSE,40.1784,44.5114,4,1,3,1.5,NA,TRUE,3,flexible,0,0,1,NA,NA,NA,NA,1705,51.8,0.1,4.7,653,54.3,0.1,7.3,NA,Yerevan_area
17534634,Luxury penthouse/loft apartment in the city center,entire chalet,entire_home,118932034,Vadim,FALSE,40.1849,44.5072,3,1,2,2,NA,TRUE,4,moderate,40,0,72,4.97,5,5,4.9,662,65.9,0,1.8,662,65.9,0.1,7.4,NA,Yerevan_area
17620460,Hovhannes Kochar's apt.,entire loft,entire_home,32348869,Anna,FALSE,40.1825,44.5196,3,1,1,1,NA,FALSE,1,moderate,8,0,124,4.85,4.8,5,4.8,12504,51.5,0.7,34.3,2766,49.6,0.6,30.7,NA,Yerevan_area
17628978,Light and bright Contemporary Studio ✧✦,entire rental unit,entire_home,21858107,Svetlana,TRUE,40.1678,44.5187,2,1,1,1,NA,FALSE,2,moderate,0,0,178,4.94,5,4.5,4.9,10161,42.3,0.7,27.8,2015,45.6,0.5,22.4,NA,Yerevan_area
17770029,"COZY STUDIO NEAR OPERA, UNBEATABLE LOCATION :)",entire rental unit,entire_home,121306845,Hayk,TRUE,40.1861,44.5137,2,NA,1,1,NA,TRUE,2,moderate,10,0,383,4.88,4.9,4.9,4.9,8227,31.1,0.7,22.5,2336,34.5,0.7,26,NA,Yerevan_area
17788633,LUXURY APARTMENT \VAN GOGH\ IN THE CENTER OF YEREVAN!,entire rental unit,entire_home,18370696,Arman,TRUE,40.1774,44.5029,2,NA,1,1,NA,FALSE,4,strict,34,0,104,4.89,4.9,4.9,4.8,5089,29.8,0.5,13.9,2533,29.9,0.9,28.1,yerevan,Yerevan_area
17807959,Cascade house 2,entire home,entire_home,118750947,Albert,FALSE,40.1897,44.5155,4,2,3,1,NA,TRUE,5,strict,150,0,13,5,4.3,5,4.5,4514,142.7,0.1,12.4,1719,142.5,0.1,19.1,NA,Yerevan_area
17824842,Cascade private house,entire home,entire_home,118750947,Albert,FALSE,40.1897,44.5171,4,2,4,1,NA,TRUE,5,strict,150,0,8,4.88,4.9,5,4.4,5124,133.5,0.1,14,1877,153.2,0.1,20.9,NA,Yerevan_area
17860803,Apartment # 1-on Komitas 1 avenue,entire rental unit,entire_home,122233639,Nara,TRUE,40.2018,44.4951,3,1,2,1,NA,FALSE,2,flexible,10,0,155,4.95,4.9,4.9,4.9,4997,30.6,0.5,13.7,1759,29.5,0.7,19.5,NA,Other_Armenia
17950128,Charming Studio on Pushkin Street at RIS Central,entire rental unit,entire_home,501943261,Milena,TRUE,40.1859,44.508,2,NA,1,1,NA,TRUE,1,moderate,0,0,146,4.88,4.9,5,4.9,12714,53.3,0.6,34.8,3673,59.2,0.7,40.8,NA,Yerevan_area
17984181,"Cozy studio in the City center, Mashtots ave. 13/1",entire rental unit,entire_home,26825577,Suren,TRUE,40.1819,44.5077,2,1,1,1,NA,TRUE,2,strict,19,0,178,4.95,5,5,4.9,9949,44.8,0.6,27.3,3631,54.4,0.7,40.3,NA,Yerevan_area
17985805,"Cozy studio in the City center, Mashtots ave. 13/1",entire rental unit,entire_home,26825577,Suren,TRUE,40.1819,44.5077,2,1,1,1,NA,TRUE,2,strict,19,0,206,4.91,4.9,5,4.9,13368,43.2,0.9,36.6,3586,47.9,0.9,39.8,NA,Yerevan_area
18029087,"Cozy studio in the City center, Mashtots ave. 13/1",entire rental unit,entire_home,26825577,Suren,TRUE,40.1819,44.5078,2,1,1,1,NA,TRUE,2,strict,19,0,212,4.94,5,5,4.8,12162,45.2,0.7,33.3,2662,47.8,0.6,29.6,NA,Yerevan_area
18137216,Cozy apartment with view of Cascade,entire rental unit,entire_home,120090961,Narine,TRUE,40.1903,44.5163,4,2,4,1,NA,TRUE,1,flexible,0,0,181,4.91,4.8,5,4.9,10928,39.6,0.8,29.9,3351,43,0.9,37.2,NA,Yerevan_area
18246538,City Center  90sq m2 (2 air-conditioners),entire rental unit,entire_home,126078505,Marina,FALSE,40.1812,44.5086,4,2,3,1,NA,FALSE,5,flexible,0,0,11,4.82,4.8,5,4.8,1951,63.6,0.1,5.3,66,66.5,0,0.7,NA,Yerevan_area
18345792,"Luxury apartment in down town near Opera, Cascade",entire rental unit,entire_home,126938835,Vahe,TRUE,40.1885,44.5174,3,1,2,1,NA,TRUE,7,strict,120,0,24,4.58,4.5,5,4.7,6905,40.6,0.5,18.9,2745,47.5,0.7,30.5,NA,Yerevan_area
18379161,2 Bedroom In Yerevan Center,private room in rental unit,private_room,117875618,Sevak,FALSE,40.175,44.5038,NA,2,2,0,NA,FALSE,7,firm,0,0,2,NA,NA,NA,NA,625,45.1,0,1.7,0,45.4,0,0,yerevan,Yerevan_area
18392838,Stay in Yerevan center - Saryan str.,entire rental unit,entire_home,10434635,Astghik,TRUE,40.1874,44.5096,4,2,2,1,NA,FALSE,3,flexible,30,0,8,5,5,5,5,670,58.8,0,1.8,670,55,0.1,7.4,yerevan,Yerevan_area
18408806,"Perfect apartment in down town near Opera, Cascade",entire rental unit,entire_home,126938835,Vahe,TRUE,40.1886,44.5173,2,1,2,1,NA,TRUE,7,strict,50,0,38,4.84,4.7,5,4.7,3684,29,0.3,10.1,492,28.6,0.2,5.5,NA,Yerevan_area
18425069,RetroCity appartment in Saryan street,entire rental unit,entire_home,124852258,Tigran,TRUE,40.1804,44.5056,2,1,1,1,NA,FALSE,2,firm,0,0,69,4.71,4.8,4.9,4.8,4062,34.3,0.3,11.1,1167,32.3,0.4,13,NA,Yerevan_area
18489790,Spacious and bright 2 bedroom in downtown Yerevan!,entire rental unit,entire_home,128290534,Anna,TRUE,40.1865,44.5062,4,2,3,1,NA,FALSE,1,flexible,30,10,49,4.96,4.9,4.9,4.9,896,50.3,0,2.5,607,50.4,0.1,6.7,yerevan,Yerevan_area
18494575,Spacious apartment in the heart of Yerevan,entire rental unit,entire_home,14823453,Irina,FALSE,40.1756,44.5172,6,3,4,2,NA,TRUE,3,flexible,17,0,100,4.99,5,5,5,11372,56.5,0.6,31.2,2455,61.2,0.5,27.3,yerevan,Yerevan_area
18518339,Renovated Apartment in Touristic Center,entire rental unit,entire_home,128538486,Rafael,FALSE,40.1729,44.5109,2,1,2,1,NA,FALSE,4,firm,22,0,108,4.94,4.9,5,4.9,6731,35.9,0.5,18.4,700,38.2,0.2,7.8,NA,Yerevan_area
18678983,"Comfortable house in  Yerevan, Lukashin street, 54",entire home,entire_home,129835566,Gayane,FALSE,40.1873,44.4573,6,2,3,1,NA,FALSE,2,flexible,28,0,2,NA,NA,NA,NA,408,32,0,1.1,66,32.5,0,0.7,yerevan,Yerevan_area
18688703,Apartment next to Opera House,entire chalet,entire_home,44993555,Vahe,TRUE,40.1845,44.5173,6,2,4,1,NA,TRUE,2,strict,0,0,152,4.82,4.7,5,4.8,19953,64,0.9,54.7,5297,68.7,0.9,58.9,NA,Yerevan_area
18717874,Cascade house/ next to steps,entire villa,entire_home,118750947,Albert,FALSE,40.1898,44.5172,12,4,6,2,NA,TRUE,10,strict,400,0,6,5,4.8,5,5,17020,287,0.2,46.6,9256,318.3,0.3,102.8,NA,Yerevan_area
18792206,"Cosy apartment in the famous backyard \Մեր Բակում\""",entire rental unit,entire_home,23808591,Karine,FALSE,40.1855,44.5111,3,1,3,1,NA,TRUE,2,firm,28,0,12,4.67,4.7,4.9,4.7,1803,43.6,0.1,4.9,0,47.3,0,0,NA,Yerevan_area
18822895,One bedroom apartment  in downtown of Yerevan.,entire rental unit,entire_home,131059278,Nvard,FALSE,40.1811,44.5226,2,1,2,1,NA,TRUE,5,flexible,0,0,6,5,4.8,5,5,2114,62.8,0.1,5.8,0,60.5,0,0,yerevan,Yerevan_area
18847332,NEW Apartment in the City Center (KTUR apartments),entire rental unit,entire_home,83280739,Susanna,TRUE,40.1845,44.5114,3,1,1,1,NA,TRUE,1,moderate,10,0,429,4.91,4.9,5,4.9,19822,62.7,0.9,54.3,5452,66.4,0.9,60.6,NA,Yerevan_area
18881053,Sunny and Beautiful Apartment at the City Center,entire rental unit,entire_home,131573318,Marina,FALSE,40.1792,44.5084,3,1,1,1,NA,FALSE,7,moderate,0,0,34,4.82,4.8,4.9,4.8,1903,43.5,0.1,5.2,0,46.7,0,0,NA,Yerevan_area
18958607,RetroCity Apartments in Nalbandyan street,entire rental unit,entire_home,124852258,Tigran,TRUE,40.1803,44.5181,2,1,1,1,NA,FALSE,2,firm,0,0,55,4.73,4.7,4.9,4.8,3769,39.4,0.3,10.3,960,39.1,0.3,10.7,NA,Yerevan_area
18993217,In The heart of Yerevan city - Near Opera House,entire rental unit,entire_home,132486154,Hovhannes,FALSE,40.1869,44.5196,5,3,4,2,NA,FALSE,5,moderate,35,20,29,4.79,4.7,5,4.7,1446,119.4,0,4,1446,120.1,0.1,16.1,yerevan,Yerevan_area
18995029,Comtemporary and luxurious residence Cascade Hills,entire rental unit,entire_home,132503593,Ester,TRUE,40.1953,44.5084,3,1,1,1,NA,FALSE,7,strict,35,0,30,4.9,4.8,4.8,4.7,11640,53.5,0.6,31.9,3269,55.8,0.7,36.3,NA,Yerevan_area
19016211,"§CASCADe, Modern Cozy Apartment Centre, Opera View",entire serviced apartment,entire_home,132679704,Irina,TRUE,40.189,44.5158,3,1,2,1,NA,TRUE,1,moderate,0,0,121,4.89,4.9,5,4.9,12587,70.8,0.5,34.5,1637,80.2,0.2,18.2,NA,Yerevan_area
19033475,Huge 2BR Apartment with 2 Balconies at Kantar,room in serviced apartment,hotel_room,23926479,NA,TRUE,40.1745,44.5101,8,2,3,0,NA,NA,1,moderate,NA,NA,14,4.86,4.9,4.9,4.7,2114,115.7,0,5.8,0,0,0,0,NA,Yerevan_area
19135088,Apartment on Cascade with balcony & Ararat view,entire rental unit,entire_home,128538486,Rafael,FALSE,40.1947,44.514,2,1,3,1,NA,FALSE,4,firm,22,0,98,4.97,4.9,4.9,5,9218,38.9,0.7,25.3,960,43.3,0.3,10.7,NA,Yerevan_area
19179607,Apartments near Republic Square/Self check-in,entire rental unit,entire_home,37792194,Armine,TRUE,40.1778,44.5165,3,1,2,1,NA,FALSE,2,strict,0,0,103,4.88,4.8,5,4.8,6943,42.1,0.4,19,2704,43.3,0.7,30,NA,Yerevan_area
19361517,Comfortable apartment,entire serviced apartment,entire_home,135698608,Gevorg,FALSE,40.2024,44.4984,3,1,2,1,NA,FALSE,3,moderate,11,0,21,4.52,3.9,4.7,4.5,2632,39.9,0.2,7.2,41,50.3,0,0.5,NA,Other_Armenia
19466100,Good location and spacious flat in Yerevan,entire rental unit,entire_home,103438567,Shushan,FALSE,40.1913,44.5033,4,2,3,1,NA,FALSE,3,flexible,20,0,3,5,5,5,5,1859,66.2,0.1,5.1,0,64.1,0,0,yerevan,Yerevan_area
19501164,In the center of the city,private room in loft,private_room,32348869,Anna,FALSE,40.1811,44.5179,2,2,1,1,NA,TRUE,2,moderate,12,20,8,4.38,5,5,4.5,1797,72.3,0.1,4.9,798,72.6,0.1,8.9,NA,Yerevan_area
19526985,Bright Modern flat in the center of Yerevan,entire rental unit,entire_home,137132895,NA,FALSE,40.177,44.5237,6,3,3,1,NA,NA,2,flexible,NA,NA,94,4.88,4.7,4.9,4.9,1358,94.2,0,3.7,0,0,0,0,yerevan,Yerevan_area
19536633,Sweet Home,entire serviced apartment,entire_home,137227814,Samvel,TRUE,40.2027,44.5031,2,1,1,1,NA,FALSE,5,flexible,0,0,22,4.91,5,4.8,4.9,4857,40.3,0.3,13.3,1604,43.2,0.4,17.8,NA,Other_Armenia
19556263,2-bedroom suite  from the hostess in a large center,entire rental unit,entire_home,36218986,Narine,FALSE,40.2019,44.5231,5,2,5,1,NA,FALSE,3,flexible,0,0,2,NA,NA,NA,NA,874,68.3,0,2.4,874,73.1,0.1,9.7,NA,Other_Armenia
19628234,I rent a large apartment in the small center of Yerevan,entire rental unit,entire_home,138092943,⁨Акоп (Jacob)⁩,FALSE,40.1873,44.5076,6,3,3,2.5,NA,FALSE,3,flexible,0,0,4,4.75,3.8,5,4,1631,144.8,0,4.5,1631,132.8,0.1,18.1,yerevan,Yerevan_area
19760205,2nd Floor Apt in Sayat-Nova. Ideal for long stays,entire rental unit,entire_home,139434006,Gayane,FALSE,40.1775,44.5269,2,1,1,1,NA,FALSE,10,firm,10,0,48,4.63,4.5,4.8,4.6,7861,40,0.6,21.5,2586,43.6,0.7,28.7,NA,Yerevan_area
19824890,Modern Lux 3BR w/Pool...Near Cascade,entire rental unit,entire_home,47208682,Ara,TRUE,40.1917,44.5024,8,3,4,2.5,NA,FALSE,10,moderate,35,0,80,5,5,4.9,4.9,23323,148.5,0.4,63.9,8069,146.6,0.6,89.7,NA,Yerevan_area
19854219,"Cozy apartment in the heart of Yerevan, but quiet)",entire rental unit,entire_home,140394415,NA,FALSE,40.1904,44.5047,5,2,2,1,NA,NA,2,moderate,20,NA,49,4.82,4.9,4.9,4.8,5187,54.9,0.2,14.2,0,0,0,0,yerevan,Yerevan_area
19864687,Newly Updated Apartment near City Center,entire rental unit,entire_home,40704851,Tigran,TRUE,40.1958,44.4992,3,1,2,1,NA,FALSE,3,moderate,15,0,102,4.99,5,4.8,4.9,7920,36.7,0.6,21.7,3389,39.4,1,37.7,NA,Yerevan_area
19946694,New Apartment at the Republic Squar,entire rental unit,entire_home,85099194,Arevhat,FALSE,40.1804,44.5085,3,1,1,1,NA,FALSE,10,strict,0,0,7,4.86,5,5,5,569,42.3,0,1.6,569,44.6,0.1,6.3,NA,Yerevan_area
19948446,"City center apartment, Republic Square",entire rental unit,entire_home,140628532,Sona,FALSE,40.179,44.5152,2,1,1,1,NA,FALSE,3,moderate,25,0,169,4.83,4.8,4.9,4.9,9601,30.8,0.9,26.3,2531,35.5,0.8,28.1,NA,Yerevan_area
19962436,Luxury Apartment,entire rental unit,entire_home,141525951,Вартан,TRUE,40.1811,44.5131,2,1,1,1,NA,TRUE,10,moderate,30,0,4,5,4.8,5,5,5183,60.7,0.2,14.2,0,54.9,0,0,NA,Yerevan_area
19989042,WOW guesthouse in apartment 141,private room in serviced apartment,private_room,13256976,Artur,FALSE,40.17,44.5212,3,1,2,1,NA,TRUE,2,flexible,40,0,87,4.68,4.7,4.6,4.7,4509,17.9,0.7,12.4,1729,26,0.8,19.2,NA,Yerevan_area
20040290,"16. Floor // Top floor, great views spacious apt",entire rental unit,entire_home,1857370,Lilit,TRUE,40.2,44.5044,4,1,2,1,NA,FALSE,1,moderate,20,10,22,4.95,4.8,4.7,4.8,6964,35.8,0.5,19.1,376,34.5,0.1,4.2,NA,Yerevan_area
20041595,Two bedroom Tatev apartment 003,entire serviced apartment,entire_home,82425146,Aram,FALSE,40.1934,44.5037,5,1,2,1,NA,TRUE,1,flexible,0,0,1,NA,NA,NA,NA,17758,395.7,0.1,48.7,0,136.7,0,0,NA,Yerevan_area
20128136,Three bedroom Tatev apartment 005,entire serviced apartment,entire_home,82425146,Aram,FALSE,40.1934,44.5037,9,1,4,2,NA,TRUE,1,flexible,0,0,4,4,4,4.5,4.2,9724,381.2,0.1,26.6,661,83.2,0.1,7.3,NA,Yerevan_area
20203840,Cozy 2 storey guest house,entire guesthouse,entire_home,143894514,Anna,FALSE,40.1915,44.518,3,2,2,1,NA,FALSE,1,flexible,10,0,53,4.89,4.9,4.8,4.9,623,40,0,1.7,499,42.7,0.1,5.5,NA,Yerevan_area
20257735,One bedroom Tatev apartment 006,entire serviced apartment,entire_home,82425146,Aram,FALSE,40.1935,44.5036,2,1,1,1,NA,TRUE,1,flexible,0,0,3,5,4.7,5,4.7,31125,1636.3,0,85.3,390,80.1,0,4.3,NA,Yerevan_area
20285613,A big 3 bedroom 150m2 apartment in Yerevan center,entire rental unit,entire_home,117875618,Sevak,FALSE,40.1748,44.5039,8,3,6,1,NA,FALSE,7,flexible,0,0,NA,NA,NA,NA,NA,828,70.5,0,2.3,828,67.3,0.1,9.2,yerevan,Yerevan_area
20411901,Room Aygedzor,private room in condo,private_room,40642903,Эдгар,FALSE,40.1912,44.5,NA,2,2,0,NA,FALSE,4,strict,0,10,32,4.84,4.7,4.9,4.8,414,29.7,0,1.1,0,28.8,0,0,NA,Yerevan_area
20450638,Beautiful apartments  of the Republic Square,entire rental unit,entire_home,109148552,Mихаил,TRUE,40.1795,44.5108,2,1,1,1,NA,TRUE,1,moderate,10,0,447,4.89,4.9,5,4.8,8709,45.2,0.5,23.9,1518,45.9,0.4,16.9,NA,Yerevan_area
20467867,Classic Apartment on Kievyan street,entire home,entire_home,145469202,Vladimir,FALSE,40.1944,44.49,6,3,5,1,NA,FALSE,1,flexible,0,0,22,4.68,4.6,4.6,4.5,6448,83,0.2,17.7,2345,89.8,0.3,26.1,NA,Yerevan_area
20524985,Downtown Yerevan Center- Historic Building,entire condo,entire_home,1794549,Levon,FALSE,40.1887,44.5236,6,1,1,1,NA,FALSE,182,moderate,30,10,21,4.76,4.7,5,4.7,690,59,0,1.9,690,57.8,0.1,7.7,yerevan,Yerevan_area
20582395,3 bedroom apartment in the center,entire rental unit,entire_home,147042404,Marina,TRUE,40.1822,44.5114,6,2,5,1.5,NA,TRUE,2,moderate,0,0,100,4.82,4.8,5,4.8,7285,74.9,0.3,20,3264,71.2,0.5,36.3,NA,Yerevan_area
20877958,Loft with a perfect view,entire rental unit,entire_home,31161059,Sona,FALSE,40.1958,44.49,6,2,4,1,NA,FALSE,3,strict,22,0,21,4.9,4.8,4.7,4.8,547,47.6,0,1.5,547,46.3,0.1,6.1,NA,Yerevan_area
20936126,#19 One Bedroom Apartment In The Center Of Yerevan,entire serviced apartment,entire_home,60515118,Narek,FALSE,40.1812,44.5169,4,1,2,1,NA,TRUE,1,strict,0,0,2,NA,NA,NA,NA,1661,80.5,0.1,4.6,83,82.5,0,0.9,yerevan,Yerevan_area
20940748,Your corner in the heart of Yerevan,entire condo,entire_home,154585232,Davit,FALSE,40.1826,44.5131,4,1,2,1,NA,FALSE,3,moderate,40,0,45,4.93,4.8,5,4.9,14392,61.7,0.6,39.4,3694,61.7,0.7,41,yerevan,Yerevan_area
21170588,Ararat Eye Apartments,entire rental unit,entire_home,151888466,Arsen,FALSE,40.1943,44.5136,4,1,2,1,NA,FALSE,4,flexible,0,0,7,4.86,4.6,5,5,580,53.1,0,1.6,580,48.6,0.1,6.4,NA,Yerevan_area
21192334,Apartment on Byron St,entire rental unit,entire_home,37469183,NA,TRUE,40.1866,44.519,3,1,1,1,NA,NA,4,moderate,NA,NA,19,4.89,4.8,5,4.8,572,49.1,0,1.6,0,0,0,0,NA,Yerevan_area
21396175,"Northern Avenue, Cascade, Opera, Republic Square",entire rental unit,entire_home,104584041,Gagik,TRUE,40.1835,44.5143,6,2,3,1,NA,TRUE,7,strict,12,0,43,4.77,4.6,5,4.7,7303,55.5,0.3,20,2766,53.1,0.6,30.7,NA,Yerevan_area
21486375,TRULY CENTRAL/2 BEDROOM - HEART OF YEREVAN - WIFI,entire rental unit,entire_home,156072820,Ashot,FALSE,40.1827,44.508,4,2,2,1,NA,TRUE,7,moderate,45,0,21,4.38,4.2,5,4.5,3300,51.5,0.2,9,0,50.2,0,0,yerevan,Yerevan_area
21610102,In the heart of Abovyan street,entire rental unit,entire_home,8677801,Ella,FALSE,40.1832,44.5186,2,NA,2,1,NA,FALSE,25,strict,10,0,16,5,4.9,5,5,4554,47.3,0.2,12.5,1003,48,0.2,11.1,NA,Yerevan_area
21615485,Cozy apartment near Republic Square,entire rental unit,entire_home,120835513,Tigran,FALSE,40.1818,44.5087,5,2,2,1,NA,TRUE,7,moderate,0,0,8,4.63,4.5,4.9,4.6,1586,65.3,0.1,4.3,1151,67.5,0.2,12.8,NA,Yerevan_area
21783839,Like Home Apartment,entire home,entire_home,158730258,Arevik,TRUE,40.1812,44.5286,3,1,1,1,NA,TRUE,4,moderate,0,0,10,4.7,4.7,4.8,4.7,1238,32.5,0.1,3.4,402,33.1,0.1,4.5,NA,Yerevan_area
21844458,Deluxe apartment In the heart of Yerevan,entire rental unit,entire_home,157998701,Armine,TRUE,40.1799,44.5206,4,1,2,1,NA,FALSE,3,moderate,25,0,85,4.96,4.9,5,4.9,5851,48.1,0.3,16,380,51,0.1,4.2,yerevan,Yerevan_area
22038031,Beautiful Apt for rent in the heart of Yerevan!,entire condo,entire_home,160947492,Ruzanna,FALSE,40.1906,44.5198,7,4,4,1,NA,TRUE,3,strict,60,0,4,5,4.5,5,5,8506,80.9,0.3,23.3,1013,92.6,0.1,11.3,yerevan,Yerevan_area
22145774,Cozy apartment in city center. Cozy house in the center,entire rental unit,entire_home,24393627,Lilit,FALSE,40.1782,44.504,2,1,1,1.5,NA,TRUE,7,moderate,0,0,65,4.64,4.7,4.8,4.7,4166,32.2,0.4,11.4,1045,32.3,0.4,11.6,NA,Yerevan_area
22408742,Apartment 1,entire rental unit,entire_home,162682492,Arsen,FALSE,40.2024,44.5032,2,NA,1,1,NA,FALSE,3,strict,0,0,36,4.78,4.8,4.7,4.8,407,32.7,0,1.1,407,33.8,0.1,4.5,NA,Other_Armenia
22439676,Emma's place,entire guesthouse,entire_home,160175856,Emma,FALSE,40.2155,44.5358,2,1,2,1,NA,FALSE,3,moderate,11,0,86,4.84,4.8,4.6,4.8,1404,22.9,0.2,3.8,0,22.8,0,0,NA,Other_Armenia
22447286,LUXURY APARTMENT \CLAUDE MONET\ IN THE CENTER OF YEREVAN!,entire rental unit,entire_home,18370696,Arman,TRUE,40.1777,44.5267,4,1,2,1,NA,FALSE,4,strict,34,0,51,4.86,5,4.9,4.9,1932,35.9,0.2,5.3,0,39.8,0,0,yerevan,Yerevan_area
22576174,Cozy studio apartment in the city center,entire rental unit,entire_home,53130628,Arusyak,FALSE,40.1727,44.5035,4,1,1,1,NA,TRUE,6,firm,23,0,32,4.66,4.6,4.7,4.7,1735,32.6,0.1,4.8,771,35,0.2,8.6,NA,Yerevan_area
22641291,3 Bedroom Apartment on Mher Mkrtchyan street,entire serviced apartment,entire_home,61222356,Hyur Service,TRUE,40.1741,44.5118,7,3,5,1.5,NA,TRUE,2,moderate,0,0,33,4.91,4.9,4.9,4.8,26675,134.2,0.5,73.1,9931,138.9,0.8,110.3,NA,Yerevan_area
22659499,1 Bedroom Apartment in Alley Residence,entire rental unit,entire_home,61222356,Hyur Service,TRUE,40.1814,44.5114,3,1,3,1,NA,TRUE,2,moderate,0,0,8,4.63,5,5,4.5,4192,78.8,0.1,11.5,779,76.7,0.1,8.7,NA,Yerevan_area
22659803,2 Bedroom Apartment in Alley Residence,entire serviced apartment,entire_home,61222356,Hyur Service,TRUE,40.1815,44.5114,5,2,4,1,NA,TRUE,2,moderate,0,0,13,5,5,4.9,5,12159,115.1,0.3,33.3,1194,124.8,0.1,13.3,NA,Yerevan_area
22843554,Studio-Apartment on Zakyan street.,entire serviced apartment,entire_home,115807404,Evelyn,TRUE,40.1761,44.5053,2,1,1,1,NA,TRUE,2,moderate,8,0,99,4.87,4.9,5,4.9,13310,43.7,0.8,36.5,3155,45.5,0.8,35.1,NA,Yerevan_area
22896767,Maria's Apartment,entire rental unit,entire_home,169471005,Anna,TRUE,40.1792,44.5208,2,1,1,1,NA,FALSE,3,moderate,10,0,144,4.97,5,5,5,7954,40.5,0.5,21.8,1849,40.5,0.5,20.5,NA,Yerevan_area
23059976,Cozy Apartment in the City Center/Self check in,entire rental unit,entire_home,37792194,Armine,TRUE,40.1825,44.527,4,1,2,1,NA,FALSE,1,strict,20,0,180,4.94,4.9,4.9,4.9,1193,41.9,0.1,3.3,518,42.9,0.1,5.8,NA,Yerevan_area
23094586,Near Opera,entire rental unit,entire_home,40833948,Elena,TRUE,40.1861,44.5112,4,NA,2,1,NA,FALSE,5,strict,10,0,5,5,5,5,4.8,655,52,0,1.8,655,52.4,0.1,7.3,NA,Yerevan_area
23098927,Comfortable and  Big House with 5 rooms,entire home,entire_home,171582891,Ani,FALSE,40.1878,44.5496,8,3,4,1,NA,FALSE,5,moderate,0,0,12,4.83,4.8,3.9,4.6,937,63.8,0,2.6,794,59.2,0.2,8.8,NA,Yerevan_area
23243370,Industrial loft in the centre of Yerevan,entire rental unit,entire_home,48699771,Arpine,TRUE,40.1671,44.5126,2,NA,2,1,NA,NA,2,firm,0,0,84,4.68,4.5,4.8,4.7,6727,39.4,0.5,18.4,1147,31.6,0.4,12.7,yerevan,Yerevan_area
23260388,House in the center of the city,entire guest suite,entire_home,83013217,Эля,FALSE,40.1744,44.5259,9,4,4,2.5,NA,FALSE,10,flexible,0,20,5,5,5,4.8,4.6,7128,177.6,0.1,19.5,1300,129.8,0.1,14.4,NA,Yerevan_area
23279653,Studio Apartment in the Heart of Yerevan,entire rental unit,entire_home,173312007,Karen,TRUE,40.1789,44.5092,2,NA,1,1,NA,TRUE,3,flexible,14,0,115,4.91,4.9,5,4.9,6342,33.4,0.5,17.4,1369,28.6,0.5,15.2,yerevan,Yerevan_area
23373470,#SARYAN#WINE STREET#OLD CENTRE,entire rental unit,entire_home,94208898,Anna,FALSE,40.183,44.506100000000004,2,1,2,1,NA,FALSE,3,moderate,10,0,21,4.71,4.4,4.9,4.7,416,31,0,1.1,353,28.7,0.1,3.9,NA,Yerevan_area
23476863,Modern & Stylish Flat in Yerevan Small City Center,entire rental unit,entire_home,100107133,Anush,TRUE,40.1872,44.5202,2,1,2,1,NA,FALSE,3,moderate,15,0,90,4.96,5,5,5,10933,49,0.6,30,1831,51.9,0.4,20.3,yerevan,Yerevan_area
23537085,"Cozy apartment in downtown, next to Saryan st.",entire rental unit,entire_home,175838249,Gevorg,FALSE,40.1881,44.5103,4,2,9,1,NA,TRUE,3,moderate,25,0,113,4.7,4.6,4.8,4.7,881,48.2,0,2.4,326,51.1,0.1,3.6,NA,Yerevan_area
23552690,Yerevan Station  Apartment,entire serviced apartment,entire_home,149720018,Ваграм,FALSE,40.1547,44.5093,3,1,1,1,NA,NA,1,firm,4,NA,74,4.85,4.8,4.8,4.7,908,27.2,0.1,2.5,0,27.8,0,0,yerevan,Yerevan_area
23692292,Republic Square Apartment,entire rental unit,entire_home,85099194,Arevhat,FALSE,-32.8225,17.2628,3,2,2,1,NA,FALSE,10,strict,0,0,1,NA,NA,NA,NA,876,45.2,0.1,2.4,547,45.3,0.1,6.1,NA,Other_Armenia
23723411,1-bedroom apartment in the very center of the city,entire rental unit,entire_home,12106636,Astrina,TRUE,40.1865,44.5132,2,1,2,1.5,NA,FALSE,6,moderate,10,0,34,4.47,4.5,5,4.4,6243,31,0.6,17.1,1631,34.2,0.5,18.1,NA,Yerevan_area
23747247,RENT CUTE APARTMENT IN THE CENTER,entire rental unit,entire_home,144066331,Lilit,FALSE,40.1809,44.507,6,2,6,0,NA,TRUE,1,moderate,0,10,9,4.89,5,5,4.8,832,66.9,0,2.3,832,68.4,0.1,9.2,NA,Yerevan_area
23759376,Umba Apartment N1 - 2 bedrooms,entire rental unit,entire_home,35269734,Hakob,TRUE,40.1765,44.5154,5,2,4,1,NA,TRUE,2,flexible,0,0,25,4.92,5,4.9,4.8,9742,56.1,0.5,26.7,2111,66.8,0.4,23.5,NA,Yerevan_area
23831785,APARTMENT \TIFFANY\ ON SARYAN!,entire rental unit,entire_home,18370696,Arman,TRUE,40.1852,44.5066,2,NA,1,1,NA,FALSE,4,strict,34,0,92,4.95,5,5,4.9,6770,31.2,0.6,18.5,2276,32.2,0.8,25.3,NA,Yerevan_area
23833791,Modern 2 bedroom apartment,entire rental unit,entire_home,176494866,Shavarsh,TRUE,40.1842,44.5125,4,2,4,2,NA,FALSE,2,moderate,20,0,22,4.95,4.9,5,4.9,13874,83.1,0.4,38,4497,84.8,0.6,50,NA,Yerevan_area
23854857,Gallery Apartment #A,entire rental unit,entire_home,179180089,Lusine,FALSE,40.1852,44.5196,4,1,1,1,NA,TRUE,2,moderate,0,0,37,4.92,5,5,4.8,573,45.4,0,1.6,573,46.6,0.1,6.4,NA,Yerevan_area
23855047,Gallery Apartment #1,entire rental unit,entire_home,179180089,Lusine,FALSE,40.1864,44.5202,4,1,1,1,NA,TRUE,1,moderate,0,0,36,4.92,4.9,4.9,4.8,597,47.6,0,1.6,597,49.4,0.1,6.6,NA,Yerevan_area
23913254,Peaceful Oasis in the Center of Yerevan,entire rental unit,entire_home,179737901,Marianna,TRUE,40.1934,44.503,4,1,1,1,NA,TRUE,4,moderate,0,0,162,4.96,4.9,4.8,4.9,8469,31.7,0.7,23.2,1863,32.8,0.6,20.7,yerevan,Yerevan_area
24028670,Apartment in the center of Yerevan,entire rental unit,entire_home,180854828,Nodar,FALSE,40.1777,44.5268,5,1,3,1,NA,TRUE,2,moderate,22,0,29,4.97,5,4.9,4.9,661,58.1,0,1.8,661,56.9,0.1,7.3,yerevan,Yerevan_area
24071142,Like Home Guesthouse,private room in home,private_room,158730258,Arevik,TRUE,40.182,44.5303,NA,NA,2,0,NA,TRUE,3,moderate,0,0,31,4.94,4.9,4.7,4.9,2252,18.6,0.3,6.2,769,19.6,0.5,8.5,NA,Yerevan_area
24156974,Pushkin 60 Cozy Apartment,entire rental unit,entire_home,104584041,Gagik,TRUE,40.185,44.508,4,1,2,1,NA,TRUE,7,strict,12,0,73,4.88,4.8,5,4.8,7671,51.4,0.4,21,895,46.4,0.2,9.9,NA,Yerevan_area
24215041,Like Home Guesthouse,private room in home,private_room,158730258,Arevik,TRUE,40.1829,44.5301,NA,NA,1,0,NA,FALSE,3,moderate,0,0,14,4.93,4.9,4.7,4.9,2223,21.5,0.3,6.1,1061,24,0.5,11.8,NA,Yerevan_area
24224242,"Luxurious Modern Apt,North Ave TOUR+AIRP. TRANSFER",entire rental unit,entire_home,50527209,Invite Armenia,FALSE,40.1824,44.5131,7,3,5,1,NA,FALSE,1,flexible,25,0,11,4.36,4.7,4.9,4.7,1414,99.6,0,3.9,0,99,0,0,NA,Yerevan_area
24277982,Studio in an elite house with security in the city center,entire rental unit,entire_home,16358942,Gayane,FALSE,40.1847,44.5083,3,1,1,1.5,NA,FALSE,20,strict,50,0,11,5,5,5,4.9,1326,122.3,0,3.6,1224,101.8,0.1,13.6,NA,Yerevan_area
24361179,"Welcome to my Cosy, Comfy, Corner in Yerevan",entire rental unit,entire_home,183597222,Avet,FALSE,40.2149,44.4929,2,1,2,1,NA,FALSE,2,moderate,30,0,16,4.81,5,4.6,4.8,400,31.4,0,1.1,400,33.4,0.1,4.4,yerevan,Other_Armenia
24464885,Sundukyan House,entire home,entire_home,184788585,Ashxen,FALSE,40.1997,44.504,16,6,6,6.5,NA,TRUE,2,moderate,10,0,11,4.73,4.7,4.6,4.5,6526,238.9,0.1,17.9,0,244,0,0,NA,Yerevan_area
24527719,"Cozy apartment, Adonc, Yeraz, Komitas, Arabkir",entire rental unit,entire_home,184555672,Knarik,TRUE,40.2137,44.5237,3,1,2,1,NA,TRUE,2,flexible,0,0,24,4.71,4.6,4.9,4.5,6342,53.8,0.3,17.4,1010,51.8,0.2,11.2,NA,Other_Armenia
24531766,❤ Apartment just near Republic square #2 MyStreet,entire serviced apartment,entire_home,65011405,MyStreet,TRUE,40.1801,44.5113,2,1,1,1,NA,TRUE,14,moderate,25,0,41,4.78,4.8,5,4.8,9994,67.8,0.4,27.4,4358,70.6,0.7,48.4,NA,Yerevan_area
24532261,In the ❤ of Yerevan ✔️ Perfect Location #3 MyStreet,entire rental unit,entire_home,65011405,MyStreet,TRUE,40.1801,44.5113,3,1,1,1,NA,TRUE,14,moderate,25,0,27,4.74,4.7,4.8,4.7,2622,71,0.1,7.2,850,69.7,0.1,9.4,yerevan,Yerevan_area
24619044,Apartment 2,entire rental unit,entire_home,162682492,Arsen,FALSE,40.2011,44.4998,3,1,2,1,NA,FALSE,3,strict,0,0,3,3.67,3.7,4,4.3,499,40.9,0,1.4,499,40.8,0.1,5.5,NA,Other_Armenia
24696348,Renovated two Bedroom in Touristic Center,entire rental unit,entire_home,128538486,Rafael,FALSE,40.1806,44.5183,4,2,4,1,NA,FALSE,5,firm,28,0,89,4.87,4.9,4.9,4.9,4109,41.1,0.3,11.3,187,45.3,0,2.1,NA,Yerevan_area
24697939,\HEART OF YEREVAN\   APARTMENT OF REPUBLIC  SQUERE,entire serviced apartment,entire_home,109148552,Mихаил,TRUE,40.1797,44.5155,3,1,1,1,NA,TRUE,1,moderate,10,NA,321,4.93,4.9,5,4.9,8562,44.9,0.5,23.5,1263,46,0.3,14,yerevan,Yerevan_area
24762979,"Bright & Spacious Apt with Balcony View, Queen Bed",entire rental unit,entire_home,7282794,Karen,FALSE,40.1845,44.5217,3,2,2,1,NA,NA,30,flexible,0,NA,14,4.86,4.9,5,4.9,728,63.3,0,2,0,49.7,0,0,NA,Yerevan_area
24768855,Home away from home,entire rental unit,entire_home,187270818,Shakeh,FALSE,40.1821,44.5191,3,1,3,1,NA,TRUE,7,moderate,0,0,16,4.75,4.6,5,4.7,476,52.6,0,1.3,476,48.6,0.1,5.3,NA,Yerevan_area
24769999,Charming and convenient apartment in Baghramyan 1,entire rental unit,entire_home,107252172,Gayane,TRUE,40.1894,44.5138,5,2,4,1,NA,TRUE,4,strict,0,0,64,4.89,4.8,5,4.8,14793,64.1,0.6,40.5,4250,68.3,0.7,47.2,NA,Yerevan_area
24785076,Kaskad Apartment and Tours,entire rental unit,entire_home,32168596,Artavazd,TRUE,40.1888,44.5123,4,1,2,1,NA,TRUE,3,flexible,0,0,147,4.93,4.9,5,4.9,7831,47.6,0.5,21.5,2403,48.8,0.6,26.7,NA,Yerevan_area
24847776,2-BDR with Aragats View at RIS Dalma Collection,entire serviced apartment,entire_home,195185372,Mariam,TRUE,40.1798,44.4898,6,2,3,1,NA,TRUE,1,moderate,0,0,88,4.97,5,4.7,4.9,16751,102.3,0.4,45.9,5591,109.9,0.6,62.1,NA,Yerevan_area
24852919,Beautiful apartment in the heart of Yerevan,entire rental unit,entire_home,28549765,Astrig,FALSE,40.1795,44.5101,4,2,6,1,NA,FALSE,3,moderate,0,0,6,4.67,4.5,4.7,4.5,3354,80.2,0.1,9.2,485,80.4,0.1,5.4,yerevan,Yerevan_area
24863777,1-BDR with Mountain View at RIS Dalma Collection,entire serviced apartment,entire_home,195185372,Mariam,TRUE,40.1796,44.4902,4,1,2,1,NA,TRUE,1,moderate,0,0,81,4.94,5,4.8,4.8,2832,91,0.1,7.8,776,105.1,0.1,8.6,NA,Yerevan_area
24867934,Loft with Terrace  at RIS Dalma Collection,entire loft,entire_home,195185372,Mariam,TRUE,40.1796,44.4902,4,1,2,1,NA,TRUE,1,moderate,0,0,55,4.96,5,4.8,4.8,11271,113.8,0.3,30.9,1647,127.4,0.1,18.3,NA,Yerevan_area
24900214,East Apartment in the Heart of The Caucasus,entire rental unit,entire_home,180832630,Tigran,TRUE,40.1862,44.509,3,1,1,1.5,NA,TRUE,2,strict,15,0,61,4.79,4.7,4.9,4.9,8368,45,0.5,22.9,3058,46.4,0.7,34,NA,Yerevan_area
24949454,LUXURY APARTMENTS \SARYAN\ IN THE CENTER OF YEREVAN!,entire rental unit,entire_home,18370696,Arman,TRUE,40.1854,44.507,2,NA,1,1,NA,FALSE,4,strict,0,0,69,4.83,4.9,5,4.8,4489,31.3,0.4,12.3,0,32.5,0,0,yerevan,Yerevan_area
25034097,Roomy Studio in Downtown Yerevan,entire rental unit,entire_home,198646027,Hayarpi,FALSE,40.174,44.5042,2,NA,NA,1,NA,FALSE,14,flexible,0,0,27,4.89,4.9,4.8,4.8,778,31.7,0.1,2.1,389,32.1,0.1,4.3,yerevan,Yerevan_area
25177728,"Abovyan 16, No 15",entire serviced apartment,entire_home,190247754,Narek,FALSE,40.1819,44.5152,7,2,5,1,NA,TRUE,2,strict,0,0,45,4.87,4.8,5,4.8,7551,71.9,0.3,20.7,0,78.2,0,0,NA,Yerevan_area
25187434,"Sayat Nova, big balcony, 17th floor, 3 rooms",entire serviced apartment,entire_home,135708052,Syuzanna,TRUE,40.1774,44.5264,4,2,2,1,NA,TRUE,7,moderate,20,0,63,4.98,4.9,4.8,4.9,6032,78,0.2,16.5,1485,71.6,0.2,16.5,NA,Yerevan_area
25277279,Welcome City Center Apartments  (One Bedroom),entire serviced apartment,entire_home,57805852,Yerani,TRUE,40.181,44.512,3,1,3,1,NA,TRUE,1,flexible,0,0,424,4.79,4.8,4.9,4.8,2598,84.8,0.1,7.1,1160,89,0.1,12.9,NA,Yerevan_area
25278719,Welcome City Center Apartments (Deluxe),entire serviced apartment,entire_home,57805852,Yerani,TRUE,40.1803,44.5122,4,1,3,1,NA,TRUE,1,flexible,0,NA,19,4.84,4.8,5,4.8,2847,93.4,0.1,7.8,205,94.5,0,2.3,NA,Yerevan_area
25283761,Welcome City Center Apartments (Studio),entire serviced apartment,entire_home,57805852,Yerani,TRUE,40.1803,44.5123,2,1,1,1,NA,TRUE,1,flexible,0,0,304,4.87,4.8,5,4.8,5258,78.2,0.2,14.4,2070,81.9,0.3,23,NA,Yerevan_area
25305388,Nice  apartment in the center of Yerevan,entire rental unit,entire_home,191144078,Kristina,TRUE,40.1918,44.5306,2,1,1,1.5,NA,TRUE,3,firm,0,0,10,5,5,4.7,4.8,3106,61.1,0.1,8.5,235,59.4,0,2.6,yerevan,Yerevan_area
25336090,Happy Home and TOURS,entire rental unit,entire_home,48492077,Luxury Apartment & Tours,FALSE,40.1788,44.5178,4,1,4,1,NA,FALSE,2,flexible,0,0,9,4.67,4.8,4.9,4.9,494,67.6,0,1.4,494,41.7,0.1,5.5,NA,Yerevan_area
25370073,Comfy apartment in Old City Yerevan,entire rental unit,entire_home,180832630,Tigran,TRUE,40.1818,44.5189,4,2,2,1.5,NA,TRUE,3,strict,20,0,10,4.6,4.9,4.9,4.6,4487,58,0.2,12.3,705,56.8,0.1,7.8,yerevan,Yerevan_area
25410796,Studio & Balcony Vol.1,entire rental unit,entire_home,191827640,Anna,FALSE,40.1836,44.5131,2,1,2,1.5,NA,FALSE,2,firm,0,0,69,4.97,5,5,4.9,6461,54.7,0.3,17.7,195,60.2,0,2.2,NA,Yerevan_area
25499651,"WELCOMING in Yerevan-Sunny, Cozy and Well Located!",entire rental unit,entire_home,95225983,Mané,TRUE,40.2022,44.4988,2,1,2,1,NA,NA,3,moderate,0,0,43,4.77,4.7,4.8,4.7,8164,44.3,0.5,22.4,1593,52.8,0.4,17.7,yerevan,Other_Armenia
25556078,A room in the heart of Yerevan,private room in rental unit,private_room,192803132,Lilit,FALSE,40.1769,44.5191,NA,NA,2,0,NA,FALSE,1,strict,0,11,125,4.88,4.9,5,4.9,2548,19.4,0.4,7,628,20.7,0.3,7,yerevan,Yerevan_area
25692826,Sunny apartment in the center at Republic square,entire rental unit,entire_home,44820319,Lusine,FALSE,40.1758,44.5102,2,1,1,1,NA,FALSE,5,moderate,10,0,21,4.9,4.9,5,4.9,454,41.3,0,1.2,454,37.2,0.1,5,NA,Yerevan_area
25887448,Entire home (3 bedroom) in downtown,entire apartment,entire_home,184953367,Levon,FALSE,40.1882,44.5094,5,3,10,2,NA,FALSE,NA,flexible,40,0,22,4.95,5,5,4.9,7551,67.4,0.3,20.7,5933,67.4,1,65.9,NA,Yerevan_area
25904910,Lovely flat with great view to Ararat,entire rental unit,entire_home,39959793,Olga,TRUE,40.1861,44.5197,4,1,2,1,NA,TRUE,2,moderate,25,0,122,4.96,4.9,5,4.9,13469,50.4,0.7,36.9,3448,53.9,0.7,38.3,NA,Yerevan_area
25906281,Bright and cozy apartment in the heart of Yerevan.,entire rental unit,entire_home,6040922,Artak,TRUE,40.1845,44.5259,4,2,3,1,NA,FALSE,2,moderate,20,0,13,4.92,4.8,4.8,4.8,5167,56.4,0.2,14.2,1188,57,0.2,13.2,yerevan,Yerevan_area
25907608,"Studio apartment with balcony, 10min from center",entire loft,entire_home,194695575,Zhasmena,FALSE,40.2048,44.4836,3,NA,2,1,NA,FALSE,2,flexible,15,0,42,4.81,4.7,4.7,4.7,1722,41,0.1,4.7,95,38.8,0,1.1,NA,Other_Armenia
26034098,Luxury Apartment,entire rental unit,entire_home,85099194,Arevhat,FALSE,40.1816,44.5055,3,1,3,1,NA,FALSE,7,strict,0,0,15,4.8,5,5,4.8,5123,40.4,0.3,14,2401,45.1,0.6,26.7,NA,Yerevan_area
26043028,Newly reconstructed  apartment in th heart of city,private room in rental unit,private_room,33646628,Kristina,FALSE,40.1748,44.512,NA,NA,3,0,NA,FALSE,1,moderate,0,0,18,5,4.9,4.9,4.8,505,42.3,0,1.4,505,42.6,0.1,5.6,NA,Yerevan_area
26093715,Armenia Apartment for Daily Rent in Yerevan Cascad,entire rental unit,entire_home,196126618,Aleksey,FALSE,40.1889,44.5141,5,2,3,1,NA,FALSE,5,moderate,10,0,5,5,5,5,5,799,66,0,2.2,799,64.8,0.1,8.9,armenia,Yerevan_area
26277446,Comfortable bungalow with private bathroom!,private room in bungalow,private_room,66340406,Zara,FALSE,40.1983,44.5031,NA,NA,1,0,NA,NA,1,flexible,3,NA,16,4.69,4.6,4.8,4.9,218,15.5,0,0.6,0,12.9,0,0,NA,Yerevan_area
26342230,In the ❤ of Yerevan ✔️ Perfect Location #4 MyStreet,entire serviced apartment,entire_home,65011405,MyStreet,TRUE,40.1801,44.5113,3,1,1,1,NA,TRUE,14,moderate,25,0,49,4.73,4.7,5,4.7,6422,70.9,0.2,17.6,732,71.6,0.1,8.1,yerevan,Yerevan_area
26392958,Apartment on Kievyan street,entire rental unit,entire_home,184290457,Vee,FALSE,40.1949,44.4872,2,1,2,1,NA,FALSE,1,flexible,20,0,6,4.17,4.3,4.3,4,484,38.9,0,1.3,484,41.2,0.1,5.4,NA,Yerevan_area
26619258,2 Bedrooms.2nd Floor. Fresh Renovation. Near Opera,entire rental unit,entire_home,139434006,Gayane,FALSE,40.1816,44.5199,5,2,4,1,NA,FALSE,20,firm,10,0,61,4.48,4.3,4.8,4.6,2990,41.5,0.2,8.2,0,48.1,0,0,NA,Yerevan_area
26685231,Sunny apartment,entire rental unit,entire_home,184999855,Tigran,TRUE,40.2031,44.5216,3,NA,3,1.5,NA,TRUE,6,flexible,0,0,45,4.73,4.6,4.7,4.8,536,28.4,0,1.5,536,32.2,0.2,6,NA,Other_Armenia
27011222,VD Apartment 2- 200 m from the Republic Square,entire rental unit,entire_home,51117809,Yevgenia,TRUE,40.178,44.508,3,NA,2,1,NA,TRUE,2,firm,20,0,81,4.79,4.8,5,4.8,10251,43.7,0.6,28.1,991,44.7,0.3,11,NA,Yerevan_area
27126385,Apartment 3,entire rental unit,entire_home,162682492,Arsen,FALSE,40.2059,44.497,3,1,1,1,NA,FALSE,3,strict,0,0,1,NA,NA,NA,NA,493,39.8,0,1.4,493,40.8,0.1,5.5,NA,Other_Armenia
27285450,Entire rental unit in Yerevan,entire serviced apartment,entire_home,205546522,Moushegh,FALSE,40.1749,44.5113,5,2,5,1,NA,FALSE,2,firm,0,0,2,NA,NA,NA,NA,3647,67.5,0.1,10,0,67.1,0,0,yerevan,Yerevan_area
27310410,Your Home in YEREVAN!,entire rental unit,entire_home,10016307,Grigor,FALSE,40.1982,44.5047,3,1,1,1,NA,TRUE,2,firm,0,0,40,4.7,4.6,4.6,4.6,446,41.7,0,1.2,446,36.3,0.1,5,yerevan,Yerevan_area
27318881,Nice apartment in the center of Yerevan,entire rental unit,entire_home,205838877,Asmik,FALSE,40.1799,44.5112,2,1,1,1,NA,FALSE,3,flexible,30,0,NA,NA,NA,NA,NA,607,62.7,0,1.7,607,57.1,0.1,6.7,yerevan,Yerevan_area
27331384,Welcome to Armenia!Clean and comfort apartment 4 u,entire rental unit,entire_home,205944263,Dayana,FALSE,40.2024,44.5307,2,1,1,1,NA,FALSE,7,strict,34,0,40,4.78,4.8,4.6,4.6,2192,44.7,0.2,6,0,70.9,0,0,armenia,Other_Armenia
27614413,#Cosy Bright Apartment on Saryan Amiryan crossroad,entire rental unit,entire_home,53408645,Davit,FALSE,40.1837,44.5048,3,1,2,1,NA,TRUE,10,strict,0,0,71,4.68,4.7,5,4.7,8468,39.6,0.6,23.2,2809,45.1,0.7,31.2,NA,Yerevan_area
27666139,LUXURY APARTMENT. ELITE APARTMENT,entire rental unit,entire_home,166928875,Avetis,TRUE,40.2047,44.5169,2,1,1,1,NA,FALSE,3,moderate,0,0,174,4.98,4.9,4.9,4.9,7035,39.3,0.5,19.3,1703,40.2,0.5,18.9,NA,Other_Armenia
27677413,Design-Savvy Apartment with Skyline Views,entire serviced apartment,entire_home,195185372,Mariam,TRUE,40.1782,44.4906,4,1,1,1,NA,TRUE,1,moderate,0,0,47,4.94,5,4.8,4.9,3806,106.2,0.1,10.4,1301,121.6,0.1,14.5,NA,Yerevan_area
27685641,Guesthouse for vacation and remote working,entire serviced apartment,entire_home,30711227,Dr. Meri,FALSE,40.186,44.5334,2,2,4,2,NA,FALSE,14,flexible,69,0,12,5,5,4.8,5,2350,45,0.1,6.4,179,48.4,0,2,NA,Yerevan_area
27823351,Clean 2 bedroom apartment/ Уютная 2 комн. квартира,entire rental unit,entire_home,21794838,NA,FALSE,40.1666,44.4421,6,1,2,1,NA,NA,2,flexible,NA,NA,10,4.7,4.7,4.6,4.7,555,34.6,0,1.5,0,0,0,0,NA,Yerevan_area
